environmentId,accountId,createdAt,email,enabled,identityProviderType,identityProviderName,lifecycleStatus,mfaEnabled,givenName,familyName,populationId,populationName,updatedAt,username,verifyStatus
b9817c16-9910-4415-b67e-4ac687da74d9,acct_70205,2025-08-10 17:06:41.419216,user_1754845601419_6940@example.com,true,LOCAL,Local Identity Provider,ACTIVE,false,First8532,Last4778,pop_80169,Default Population,2025-08-10 17:06:41.419296,user_1754845601419_6940,VERIFIED
b9817c16-9910-4415-b67e-4ac687da74d9,acct_59739,2025-08-10 17:06:41.419306,user_1754845601419_9476@example.com,true,LOCAL,Local Identity Provider,ACTIVE,true,First2356,Last8252,pop_80327,Default Population,2025-08-10 17:06:41.419310,user_1754845601419_9476,VERIFIED
b9817c16-9910-4415-b67e-4ac687da74d9,acct_34777,2025-08-10 17:06:41.419317,user_1754845601419_1895@example.com,false,LOCAL,Local Identity Provider,ACTIVE,false,First6226,Last6043,pop_65391,Default Population,2025-08-10 17:06:41.419322,user_1754845601419_1895,VERIFIED
b9817c16-9910-4415-b67e-4ac687da74d9,acct_79904,2025-08-10 17:06:41.419328,user_1754845601419_5755@example.com,false,LOCAL,Local Identity Provider,ACTIVE,false,First8971,Last8462,pop_98606,Default Population,2025-08-10 17:06:41.419332,user_1754845601419_5755,VERIFIED
b9817c16-9910-4415-b67e-4ac687da74d9,acct_51099,2025-08-10 17:06:41.419339,user_1754845601419_8758@example.com,true,LOCAL,Local Identity Provider,ACTIVE,true,First8501,Last8442,pop_69472,Default Population,2025-08-10 17:06:41.419343,user_1754845601419_8758,VERIFIED
b9817c16-9910-4415-b67e-4ac687da74d9,acct_16964,2025-08-10 17:06:41.419350,user_1754845601419_7306@example.com,true,LOCAL,Local Identity Provider,ACTIVE,true,First6209,Last5878,pop_22786,Default Population,2025-08-10 17:06:41.419354,user_1754845601419_7306,VERIFIED
b9817c16-9910-4415-b67e-4ac687da74d9,acct_69337,2025-08-10 17:06:41.419360,user_1754845601419_3813@example.com,true,LOCAL,Local Identity Provider,ACTIVE,false,First1731,Last9229,pop_24978,Default Population,2025-08-10 17:06:41.419364,user_1754845601419_3813,VERIFIED
b9817c16-9910-4415-b67e-4ac687da74d9,acct_72394,2025-08-10 17:06:41.419374,user_1754845601419_7773@example.com,false,LOCAL,Local Identity Provider,ACTIVE,false,First8728,Last1722,pop_53733,Default Population,2025-08-10 17:06:41.419378,user_1754845601419_7773,VERIFIED
b9817c16-9910-4415-b67e-4ac687da74d9,acct_53408,2025-08-10 17:06:41.419385,user_1754845601419_3740@example.com,false,LOCAL,Local Identity Provider,ACTIVE,false,First9260,Last2975,pop_56709,Default Population,2025-08-10 17:06:41.419390,user_1754845601419_3740,VERIFIED
b9817c16-9910-4415-b67e-4ac687da74d9,acct_33362,2025-08-10 17:06:41.419396,user_1754845601419_9718@example.com,true,LOCAL,Local Identity Provider,ACTIVE,false,First6869,Last5068,pop_86732,Default Population,2025-08-10 17:06:41.419400,user_1754845601419_9718,VERIFIED
b9817c16-9910-4415-b67e-4ac687da74d9,acct_43851,2025-08-10 17:06:41.419406,user_1754845601419_2734@example.com,true,LOCAL,Local Identity Provider,ACTIVE,true,First1891,Last6405,pop_81955,Default Population,2025-08-10 17:06:41.419410,user_1754845601419_2734,VERIFIED
b9817c16-9910-4415-b67e-4ac687da74d9,acct_31376,2025-08-10 17:06:41.419416,user_1754845601419_7125@example.com,false,LOCAL,Local Identity Provider,ACTIVE,false,First8923,Last3112,pop_17989,Default Population,2025-08-10 17:06:41.419420,user_1754845601419_7125,VERIFIED
b9817c16-9910-4415-b67e-4ac687da74d9,acct_56662,2025-08-10 17:06:41.419426,user_1754845601419_2098@example.com,false,LOCAL,Local Identity Provider,ACTIVE,false,First8977,Last4777,pop_55344,Default Population,2025-08-10 17:06:41.419431,user_1754845601419_2098,VERIFIED
b9817c16-9910-4415-b67e-4ac687da74d9,acct_80203,2025-08-10 17:06:41.419437,user_1754845601419_3843@example.com,false,LOCAL,Local Identity Provider,ACTIVE,false,First9748,Last319,pop_93240,Default Population,2025-08-10 17:06:41.419441,user_1754845601419_3843,VERIFIED
b9817c16-9910-4415-b67e-4ac687da74d9,acct_16846,2025-08-10 17:06:41.419447,user_1754845601419_6952@example.com,false,LOCAL,Local Identity Provider,ACTIVE,true,First9316,Last4485,pop_55328,Default Population,2025-08-10 17:06:41.419450,user_1754845601419_6952,VERIFIED
b9817c16-9910-4415-b67e-4ac687da74d9,acct_59078,2025-08-10 17:06:41.419457,user_1754845601419_6999@example.com,false,LOCAL,Local Identity Provider,ACTIVE,false,First8289,Last5151,pop_13056,Default Population,2025-08-10 17:06:41.419461,user_1754845601419_6999,VERIFIED
b9817c16-9910-4415-b67e-4ac687da74d9,acct_42735,2025-08-10 17:06:41.419467,user_1754845601419_6953@example.com,true,LOCAL,Local Identity Provider,ACTIVE,true,First2735,Last7836,pop_35435,Default Population,2025-08-10 17:06:41.419471,user_1754845601419_6953,VERIFIED
b9817c16-9910-4415-b67e-4ac687da74d9,acct_88694,2025-08-10 17:06:41.419476,user_1754845601419_3041@example.com,true,LOCAL,Local Identity Provider,ACTIVE,true,First8042,Last1870,pop_49003,Default Population,2025-08-10 17:06:41.419480,user_1754845601419_3041,VERIFIED
b9817c16-9910-4415-b67e-4ac687da74d9,acct_12120,2025-08-10 17:06:41.419486,user_1754845601419_5142@example.com,true,LOCAL,Local Identity Provider,ACTIVE,false,First7663,Last8666,pop_56102,Default Population,2025-08-10 17:06:41.419491,user_1754845601419_5142,VERIFIED
b9817c16-9910-4415-b67e-4ac687da74d9,acct_97870,2025-08-10 17:06:41.419497,user_1754845601419_9654@example.com,true,LOCAL,Local Identity Provider,ACTIVE,true,First5211,Last7600,pop_33988,Default Population,2025-08-10 17:06:41.419501,user_1754845601419_9654,VERIFIED
b9817c16-9910-4415-b67e-4ac687da74d9,acct_82031,2025-08-10 17:06:41.419507,user_1754845601419_9829@example.com,true,LOCAL,Local Identity Provider,ACTIVE,true,First3030,Last7198,pop_66696,Default Population,2025-08-10 17:06:41.419511,user_1754845601419_9829,VERIFIED
b9817c16-9910-4415-b67e-4ac687da74d9,acct_56494,2025-08-10 17:06:41.419517,user_1754845601419_8448@example.com,true,LOCAL,Local Identity Provider,ACTIVE,true,First1071,Last3404,pop_76200,Default Population,2025-08-10 17:06:41.419521,user_1754845601419_8448,VERIFIED
b9817c16-9910-4415-b67e-4ac687da74d9,acct_73208,2025-08-10 17:06:41.419526,user_1754845601419_3198@example.com,false,LOCAL,Local Identity Provider,ACTIVE,false,First1252,Last8031,pop_15225,Default Population,2025-08-10 17:06:41.419531,user_1754845601419_3198,VERIFIED
b9817c16-9910-4415-b67e-4ac687da74d9,acct_56445,2025-08-10 17:06:41.419537,user_1754845601419_8273@example.com,false,LOCAL,Local Identity Provider,ACTIVE,false,First7551,Last2685,pop_93565,Default Population,2025-08-10 17:06:41.419541,user_1754845601419_8273,VERIFIED
b9817c16-9910-4415-b67e-4ac687da74d9,acct_96825,2025-08-10 17:06:41.419549,user_1754845601419_2482@example.com,false,LOCAL,Local Identity Provider,ACTIVE,true,First3707,Last9659,pop_83966,Default Population,2025-08-10 17:06:41.419555,user_1754845601419_2482,VERIFIED
b9817c16-9910-4415-b67e-4ac687da74d9,acct_76614,2025-08-10 17:06:41.419565,user_1754845601419_4719@example.com,false,LOCAL,Local Identity Provider,ACTIVE,true,First247,Last8364,pop_17110,Default Population,2025-08-10 17:06:41.419571,user_1754845601419_4719,VERIFIED
b9817c16-9910-4415-b67e-4ac687da74d9,acct_75362,2025-08-10 17:06:41.419581,user_1754845601419_3636@example.com,false,LOCAL,Local Identity Provider,ACTIVE,false,First7802,Last787,pop_29499,Default Population,2025-08-10 17:06:41.419587,user_1754845601419_3636,VERIFIED
b9817c16-9910-4415-b67e-4ac687da74d9,acct_30463,2025-08-10 17:06:41.419596,user_1754845601419_3099@example.com,true,LOCAL,Local Identity Provider,ACTIVE,true,First2878,Last1616,pop_18178,Default Population,2025-08-10 17:06:41.419602,user_1754845601419_3099,VERIFIED
b9817c16-9910-4415-b67e-4ac687da74d9,acct_86665,2025-08-10 17:06:41.419611,user_1754845601419_8270@example.com,false,LOCAL,Local Identity Provider,ACTIVE,true,First6129,Last9883,pop_57448,Default Population,2025-08-10 17:06:41.419618,user_1754845601419_8270,VERIFIED
b9817c16-9910-4415-b67e-4ac687da74d9,acct_28345,2025-08-10 17:06:41.419628,user_1754845601419_5072@example.com,false,LOCAL,Local Identity Provider,ACTIVE,true,First5397,Last9004,pop_44995,Default Population,2025-08-10 17:06:41.419634,user_1754845601419_5072,VERIFIED
b9817c16-9910-4415-b67e-4ac687da74d9,acct_35830,2025-08-10 17:06:41.419644,user_1754845601419_9759@example.com,true,LOCAL,Local Identity Provider,ACTIVE,false,First4370,Last7436,pop_78246,Default Population,2025-08-10 17:06:41.419650,user_1754845601419_9759,VERIFIED
b9817c16-9910-4415-b67e-4ac687da74d9,acct_38316,2025-08-10 17:06:41.419661,user_1754845601419_9462@example.com,false,LOCAL,Local Identity Provider,ACTIVE,false,First6261,Last4969,pop_37136,Default Population,2025-08-10 17:06:41.419665,user_1754845601419_9462,VERIFIED
b9817c16-9910-4415-b67e-4ac687da74d9,acct_72287,2025-08-10 17:06:41.419671,user_1754845601419_8614@example.com,true,LOCAL,Local Identity Provider,ACTIVE,false,First8964,Last4407,pop_89755,Default Population,2025-08-10 17:06:41.419675,user_1754845601419_8614,VERIFIED
b9817c16-9910-4415-b67e-4ac687da74d9,acct_33403,2025-08-10 17:06:41.419682,user_1754845601419_6603@example.com,false,LOCAL,Local Identity Provider,ACTIVE,true,First6324,Last3597,pop_12177,Default Population,2025-08-10 17:06:41.419685,user_1754845601419_6603,VERIFIED
b9817c16-9910-4415-b67e-4ac687da74d9,acct_85078,2025-08-10 17:06:41.419691,user_1754845601419_7601@example.com,true,LOCAL,Local Identity Provider,ACTIVE,false,First9044,Last1272,pop_24664,Default Population,2025-08-10 17:06:41.419695,user_1754845601419_7601,VERIFIED
b9817c16-9910-4415-b67e-4ac687da74d9,acct_26421,2025-08-10 17:06:41.419701,user_1754845601419_6187@example.com,true,LOCAL,Local Identity Provider,ACTIVE,true,First2381,Last4302,pop_52762,Default Population,2025-08-10 17:06:41.419705,user_1754845601419_6187,VERIFIED
b9817c16-9910-4415-b67e-4ac687da74d9,acct_37156,2025-08-10 17:06:41.419711,user_1754845601419_4881@example.com,false,LOCAL,Local Identity Provider,ACTIVE,false,First1925,Last5446,pop_26383,Default Population,2025-08-10 17:06:41.419715,user_1754845601419_4881,VERIFIED
b9817c16-9910-4415-b67e-4ac687da74d9,acct_72985,2025-08-10 17:06:41.419720,user_1754845601419_8826@example.com,false,LOCAL,Local Identity Provider,ACTIVE,false,First8744,Last2744,pop_96670,Default Population,2025-08-10 17:06:41.419724,user_1754845601419_8826,VERIFIED
b9817c16-9910-4415-b67e-4ac687da74d9,acct_99396,2025-08-10 17:06:41.419730,user_1754845601419_7541@example.com,false,LOCAL,Local Identity Provider,ACTIVE,true,First4100,Last6274,pop_69278,Default Population,2025-08-10 17:06:41.419734,user_1754845601419_7541,VERIFIED
b9817c16-9910-4415-b67e-4ac687da74d9,acct_72076,2025-08-10 17:06:41.419739,user_1754845601419_2404@example.com,true,LOCAL,Local Identity Provider,ACTIVE,false,First5464,Last8880,pop_13848,Default Population,2025-08-10 17:06:41.419743,user_1754845601419_2404,VERIFIED
b9817c16-9910-4415-b67e-4ac687da74d9,acct_65625,2025-08-10 17:06:41.419749,user_1754845601419_8688@example.com,true,LOCAL,Local Identity Provider,ACTIVE,true,First4959,Last9098,pop_10916,Default Population,2025-08-10 17:06:41.419752,user_1754845601419_8688,VERIFIED
b9817c16-9910-4415-b67e-4ac687da74d9,acct_55668,2025-08-10 17:06:41.419758,user_1754845601419_2298@example.com,false,LOCAL,Local Identity Provider,ACTIVE,true,First6716,Last2067,pop_44014,Default Population,2025-08-10 17:06:41.419762,user_1754845601419_2298,VERIFIED
b9817c16-9910-4415-b67e-4ac687da74d9,acct_92683,2025-08-10 17:06:41.419768,user_1754845601419_7610@example.com,false,LOCAL,Local Identity Provider,ACTIVE,true,First4764,Last9463,pop_75432,Default Population,2025-08-10 17:06:41.419773,user_1754845601419_7610,VERIFIED
b9817c16-9910-4415-b67e-4ac687da74d9,acct_28111,2025-08-10 17:06:41.419779,user_1754845601419_7251@example.com,false,LOCAL,Local Identity Provider,ACTIVE,true,First1946,Last3381,pop_71078,Default Population,2025-08-10 17:06:41.419783,user_1754845601419_7251,VERIFIED
b9817c16-9910-4415-b67e-4ac687da74d9,acct_73103,2025-08-10 17:06:41.419788,user_1754845601419_9572@example.com,false,LOCAL,Local Identity Provider,ACTIVE,true,First7989,Last4208,pop_82900,Default Population,2025-08-10 17:06:41.419792,user_1754845601419_9572,VERIFIED
b9817c16-9910-4415-b67e-4ac687da74d9,acct_83903,2025-08-10 17:06:41.419798,user_1754845601419_3551@example.com,false,LOCAL,Local Identity Provider,ACTIVE,true,First464,Last5965,pop_69068,Default Population,2025-08-10 17:06:41.419802,user_1754845601419_3551,VERIFIED
b9817c16-9910-4415-b67e-4ac687da74d9,acct_97250,2025-08-10 17:06:41.419808,user_1754845601419_3775@example.com,false,LOCAL,Local Identity Provider,ACTIVE,false,First3921,Last6583,pop_42843,Default Population,2025-08-10 17:06:41.419811,user_1754845601419_3775,VERIFIED
b9817c16-9910-4415-b67e-4ac687da74d9,acct_22597,2025-08-10 17:06:41.419818,user_1754845601419_1286@example.com,false,LOCAL,Local Identity Provider,ACTIVE,true,First153,Last1892,pop_33876,Default Population,2025-08-10 17:06:41.419822,user_1754845601419_1286,VERIFIED
b9817c16-9910-4415-b67e-4ac687da74d9,acct_25995,2025-08-10 17:06:41.419827,user_1754845601419_9494@example.com,true,LOCAL,Local Identity Provider,ACTIVE,true,First473,Last4719,pop_90758,Default Population,2025-08-10 17:06:41.419831,user_1754845601419_9494,VERIFIED
b9817c16-9910-4415-b67e-4ac687da74d9,acct_54486,2025-08-10 17:06:41.419837,user_1754845601419_4088@example.com,true,LOCAL,Local Identity Provider,ACTIVE,true,First8682,Last4891,pop_15819,Default Population,2025-08-10 17:06:41.419841,user_1754845601419_4088,VERIFIED
b9817c16-9910-4415-b67e-4ac687da74d9,acct_73019,2025-08-10 17:06:41.419847,user_1754845601419_2558@example.com,true,LOCAL,Local Identity Provider,ACTIVE,false,First6404,Last2400,pop_37894,Default Population,2025-08-10 17:06:41.419850,user_1754845601419_2558,VERIFIED
b9817c16-9910-4415-b67e-4ac687da74d9,acct_77537,2025-08-10 17:06:41.419856,user_1754845601419_4862@example.com,false,LOCAL,Local Identity Provider,ACTIVE,true,First6729,Last4199,pop_16569,Default Population,2025-08-10 17:06:41.419860,user_1754845601419_4862,VERIFIED
b9817c16-9910-4415-b67e-4ac687da74d9,acct_28389,2025-08-10 17:06:41.419865,user_1754845601419_4389@example.com,true,LOCAL,Local Identity Provider,ACTIVE,false,First1096,Last5627,pop_94826,Default Population,2025-08-10 17:06:41.419869,user_1754845601419_4389,VERIFIED
b9817c16-9910-4415-b67e-4ac687da74d9,acct_93667,2025-08-10 17:06:41.419875,user_1754845601419_3642@example.com,false,LOCAL,Local Identity Provider,ACTIVE,true,First2368,Last7851,pop_67961,Default Population,2025-08-10 17:06:41.419879,user_1754845601419_3642,VERIFIED
b9817c16-9910-4415-b67e-4ac687da74d9,acct_41542,2025-08-10 17:06:41.419884,user_1754845601419_8538@example.com,false,LOCAL,Local Identity Provider,ACTIVE,false,First2840,Last5189,pop_93016,Default Population,2025-08-10 17:06:41.419888,user_1754845601419_8538,VERIFIED
b9817c16-9910-4415-b67e-4ac687da74d9,acct_22735,2025-08-10 17:06:41.419894,user_1754845601419_5082@example.com,true,LOCAL,Local Identity Provider,ACTIVE,true,First7326,Last5916,pop_37486,Default Population,2025-08-10 17:06:41.419897,user_1754845601419_5082,VERIFIED
b9817c16-9910-4415-b67e-4ac687da74d9,acct_99387,2025-08-10 17:06:41.419903,user_1754845601419_1536@example.com,false,LOCAL,Local Identity Provider,ACTIVE,false,First8963,Last5042,pop_79730,Default Population,2025-08-10 17:06:41.419907,user_1754845601419_1536,VERIFIED
b9817c16-9910-4415-b67e-4ac687da74d9,acct_22450,2025-08-10 17:06:41.419913,user_1754845601419_3237@example.com,false,LOCAL,Local Identity Provider,ACTIVE,true,First3191,Last6300,pop_91366,Default Population,2025-08-10 17:06:41.419917,user_1754845601419_3237,VERIFIED
b9817c16-9910-4415-b67e-4ac687da74d9,acct_81627,2025-08-10 17:06:41.419923,user_1754845601419_3508@example.com,true,LOCAL,Local Identity Provider,ACTIVE,true,First390,Last4268,pop_24621,Default Population,2025-08-10 17:06:41.419927,user_1754845601419_3508,VERIFIED
b9817c16-9910-4415-b67e-4ac687da74d9,acct_60291,2025-08-10 17:06:41.419933,user_1754845601419_5415@example.com,true,LOCAL,Local Identity Provider,ACTIVE,true,First7872,Last4809,pop_41665,Default Population,2025-08-10 17:06:41.419937,user_1754845601419_5415,VERIFIED
b9817c16-9910-4415-b67e-4ac687da74d9,acct_77100,2025-08-10 17:06:41.419945,user_1754845601419_2081@example.com,true,LOCAL,Local Identity Provider,ACTIVE,true,First2594,Last9648,pop_52857,Default Population,2025-08-10 17:06:41.419951,user_1754845601419_2081,VERIFIED
b9817c16-9910-4415-b67e-4ac687da74d9,acct_61967,2025-08-10 17:06:41.419960,user_1754845601419_9709@example.com,true,LOCAL,Local Identity Provider,ACTIVE,true,First7556,Last5964,pop_96212,Default Population,2025-08-10 17:06:41.419966,user_1754845601419_9709,VERIFIED
b9817c16-9910-4415-b67e-4ac687da74d9,acct_42194,2025-08-10 17:06:41.419979,user_1754845601419_2254@example.com,false,LOCAL,Local Identity Provider,ACTIVE,true,First2147,Last1885,pop_49292,Default Population,2025-08-10 17:06:41.419983,user_1754845601419_2254,VERIFIED
b9817c16-9910-4415-b67e-4ac687da74d9,acct_29263,2025-08-10 17:06:41.419989,user_1754845601419_5983@example.com,true,LOCAL,Local Identity Provider,ACTIVE,true,First780,Last3420,pop_25777,Default Population,2025-08-10 17:06:41.419993,user_1754845601419_5983,VERIFIED
b9817c16-9910-4415-b67e-4ac687da74d9,acct_57876,2025-08-10 17:06:41.419999,user_1754845601419_8340@example.com,false,LOCAL,Local Identity Provider,ACTIVE,true,First5571,Last1072,pop_37631,Default Population,2025-08-10 17:06:41.420004,user_1754845601419_8340,VERIFIED
b9817c16-9910-4415-b67e-4ac687da74d9,acct_80047,2025-08-10 17:06:41.420013,user_1754845601420_5238@example.com,true,LOCAL,Local Identity Provider,ACTIVE,true,First6783,Last7337,pop_27533,Default Population,2025-08-10 17:06:41.420027,user_1754845601420_5238,VERIFIED
b9817c16-9910-4415-b67e-4ac687da74d9,acct_17650,2025-08-10 17:06:41.420035,user_1754845601420_5833@example.com,false,LOCAL,Local Identity Provider,ACTIVE,true,First9367,Last3358,pop_62510,Default Population,2025-08-10 17:06:41.420038,user_1754845601420_5833,VERIFIED
b9817c16-9910-4415-b67e-4ac687da74d9,acct_42956,2025-08-10 17:06:41.420044,user_1754845601420_9939@example.com,false,LOCAL,Local Identity Provider,ACTIVE,false,First9850,Last1448,pop_56810,Default Population,2025-08-10 17:06:41.420048,user_1754845601420_9939,VERIFIED
b9817c16-9910-4415-b67e-4ac687da74d9,acct_63096,2025-08-10 17:06:41.420054,user_1754845601420_4569@example.com,true,LOCAL,Local Identity Provider,ACTIVE,false,First2467,Last4549,pop_22948,Default Population,2025-08-10 17:06:41.420058,user_1754845601420_4569,VERIFIED
b9817c16-9910-4415-b67e-4ac687da74d9,acct_19317,2025-08-10 17:06:41.420063,user_1754845601420_2171@example.com,true,LOCAL,Local Identity Provider,ACTIVE,false,First9359,Last3379,pop_71555,Default Population,2025-08-10 17:06:41.420067,user_1754845601420_2171,VERIFIED
b9817c16-9910-4415-b67e-4ac687da74d9,acct_78821,2025-08-10 17:06:41.420073,user_1754845601420_6348@example.com,false,LOCAL,Local Identity Provider,ACTIVE,true,First2945,Last8817,pop_74083,Default Population,2025-08-10 17:06:41.420077,user_1754845601420_6348,VERIFIED
b9817c16-9910-4415-b67e-4ac687da74d9,acct_62041,2025-08-10 17:06:41.420083,user_1754845601420_3266@example.com,false,LOCAL,Local Identity Provider,ACTIVE,true,First7028,Last288,pop_39630,Default Population,2025-08-10 17:06:41.420086,user_1754845601420_3266,VERIFIED
b9817c16-9910-4415-b67e-4ac687da74d9,acct_25236,2025-08-10 17:06:41.420092,user_1754845601420_5641@example.com,true,LOCAL,Local Identity Provider,ACTIVE,true,First8886,Last302,pop_71687,Default Population,2025-08-10 17:06:41.420096,user_1754845601420_5641,VERIFIED
b9817c16-9910-4415-b67e-4ac687da74d9,acct_26757,2025-08-10 17:06:41.420101,user_1754845601420_5430@example.com,true,LOCAL,Local Identity Provider,ACTIVE,false,First6594,Last2923,pop_10678,Default Population,2025-08-10 17:06:41.420105,user_1754845601420_5430,VERIFIED
b9817c16-9910-4415-b67e-4ac687da74d9,acct_92978,2025-08-10 17:06:41.420112,user_1754845601420_3922@example.com,true,LOCAL,Local Identity Provider,ACTIVE,false,First5113,Last4760,pop_58864,Default Population,2025-08-10 17:06:41.420116,user_1754845601420_3922,VERIFIED
b9817c16-9910-4415-b67e-4ac687da74d9,acct_68016,2025-08-10 17:06:41.420266,user_1754845601420_1158@example.com,false,LOCAL,Local Identity Provider,ACTIVE,false,First3818,Last5057,pop_12284,Default Population,2025-08-10 17:06:41.420270,user_1754845601420_1158,VERIFIED
b9817c16-9910-4415-b67e-4ac687da74d9,acct_48723,2025-08-10 17:06:41.420276,user_1754845601420_4482@example.com,true,LOCAL,Local Identity Provider,ACTIVE,false,First350,Last9832,pop_21065,Default Population,2025-08-10 17:06:41.420280,user_1754845601420_4482,VERIFIED
b9817c16-9910-4415-b67e-4ac687da74d9,acct_96689,2025-08-10 17:06:41.420287,user_1754845601420_1521@example.com,false,LOCAL,Local Identity Provider,ACTIVE,true,First1063,Last975,pop_52245,Default Population,2025-08-10 17:06:41.420290,user_1754845601420_1521,VERIFIED
b9817c16-9910-4415-b67e-4ac687da74d9,acct_79460,2025-08-10 17:06:41.420296,user_1754845601420_6014@example.com,false,LOCAL,Local Identity Provider,ACTIVE,false,First6704,Last3448,pop_93871,Default Population,2025-08-10 17:06:41.420302,user_1754845601420_6014,VERIFIED
b9817c16-9910-4415-b67e-4ac687da74d9,acct_15533,2025-08-10 17:06:41.420308,user_1754845601420_1468@example.com,true,LOCAL,Local Identity Provider,ACTIVE,true,First1187,Last69,pop_58400,Default Population,2025-08-10 17:06:41.420311,user_1754845601420_1468,VERIFIED
b9817c16-9910-4415-b67e-4ac687da74d9,acct_71620,2025-08-10 17:06:41.420317,user_1754845601420_5834@example.com,true,LOCAL,Local Identity Provider,ACTIVE,true,First8620,Last9930,pop_52337,Default Population,2025-08-10 17:06:41.420321,user_1754845601420_5834,VERIFIED
b9817c16-9910-4415-b67e-4ac687da74d9,acct_24948,2025-08-10 17:06:41.420327,user_1754845601420_4315@example.com,true,LOCAL,Local Identity Provider,ACTIVE,true,First2426,Last9344,pop_51259,Default Population,2025-08-10 17:06:41.420331,user_1754845601420_4315,VERIFIED
b9817c16-9910-4415-b67e-4ac687da74d9,acct_87970,2025-08-10 17:06:41.420337,user_1754845601420_3242@example.com,true,LOCAL,Local Identity Provider,ACTIVE,false,First1491,Last5756,pop_78307,Default Population,2025-08-10 17:06:41.420341,user_1754845601420_3242,VERIFIED
b9817c16-9910-4415-b67e-4ac687da74d9,acct_56322,2025-08-10 17:06:41.420347,user_1754845601420_2757@example.com,true,LOCAL,Local Identity Provider,ACTIVE,true,First5707,Last8487,pop_87180,Default Population,2025-08-10 17:06:41.420351,user_1754845601420_2757,VERIFIED
b9817c16-9910-4415-b67e-4ac687da74d9,acct_66105,2025-08-10 17:06:41.420357,user_1754845601420_7930@example.com,false,LOCAL,Local Identity Provider,ACTIVE,true,First7450,Last1777,pop_67289,Default Population,2025-08-10 17:06:41.420361,user_1754845601420_7930,VERIFIED
b9817c16-9910-4415-b67e-4ac687da74d9,acct_78845,2025-08-10 17:06:41.420370,user_1754845601420_7830@example.com,true,LOCAL,Local Identity Provider,ACTIVE,true,First2812,Last1655,pop_11736,Default Population,2025-08-10 17:06:41.420376,user_1754845601420_7830,VERIFIED
b9817c16-9910-4415-b67e-4ac687da74d9,acct_79520,2025-08-10 17:06:41.420385,user_1754845601420_1692@example.com,true,LOCAL,Local Identity Provider,ACTIVE,true,First9299,Last6983,pop_59947,Default Population,2025-08-10 17:06:41.420391,user_1754845601420_1692,VERIFIED
b9817c16-9910-4415-b67e-4ac687da74d9,acct_39171,2025-08-10 17:06:41.420401,user_1754845601420_9455@example.com,false,LOCAL,Local Identity Provider,ACTIVE,true,First5686,Last5354,pop_54553,Default Population,2025-08-10 17:06:41.420408,user_1754845601420_9455,VERIFIED
b9817c16-9910-4415-b67e-4ac687da74d9,acct_54783,2025-08-10 17:06:41.420417,user_1754845601420_6210@example.com,true,LOCAL,Local Identity Provider,ACTIVE,false,First8860,Last2134,pop_13788,Default Population,2025-08-10 17:06:41.420424,user_1754845601420_6210,VERIFIED
b9817c16-9910-4415-b67e-4ac687da74d9,acct_33620,2025-08-10 17:06:41.420433,user_1754845601420_6766@example.com,true,LOCAL,Local Identity Provider,ACTIVE,false,First2362,Last3785,pop_20644,Default Population,2025-08-10 17:06:41.420440,user_1754845601420_6766,VERIFIED
b9817c16-9910-4415-b67e-4ac687da74d9,acct_98421,2025-08-10 17:06:41.420448,user_1754845601420_2622@example.com,true,LOCAL,Local Identity Provider,ACTIVE,true,First4096,Last4452,pop_12568,Default Population,2025-08-10 17:06:41.420452,user_1754845601420_2622,VERIFIED
b9817c16-9910-4415-b67e-4ac687da74d9,acct_76353,2025-08-10 17:06:41.420458,user_1754845601420_6817@example.com,false,LOCAL,Local Identity Provider,ACTIVE,true,First1435,Last2264,pop_89688,Default Population,2025-08-10 17:06:41.420462,user_1754845601420_6817,VERIFIED
b9817c16-9910-4415-b67e-4ac687da74d9,acct_54516,2025-08-10 17:06:41.420468,user_1754845601420_5392@example.com,false,LOCAL,Local Identity Provider,ACTIVE,false,First3050,Last4081,pop_94719,Default Population,2025-08-10 17:06:41.420472,user_1754845601420_5392,VERIFIED
b9817c16-9910-4415-b67e-4ac687da74d9,acct_89179,2025-08-10 17:06:41.420478,user_1754845601420_7630@example.com,true,LOCAL,Local Identity Provider,ACTIVE,false,First791,Last5775,pop_84710,Default Population,2025-08-10 17:06:41.420482,user_1754845601420_7630,VERIFIED
b9817c16-9910-4415-b67e-4ac687da74d9,acct_20271,2025-08-10 17:06:41.420488,user_1754845601420_9830@example.com,false,LOCAL,Local Identity Provider,ACTIVE,true,First6100,Last3390,pop_94775,Default Population,2025-08-10 17:06:41.420492,user_1754845601420_9830,VERIFIED
b9817c16-9910-4415-b67e-4ac687da74d9,acct_30132,2025-08-10 17:06:41.420498,user_1754845601420_9974@example.com,true,LOCAL,Local Identity Provider,ACTIVE,false,First7400,Last6598,pop_60303,Default Population,2025-08-10 17:06:41.420502,user_1754845601420_9974,VERIFIED
b9817c16-9910-4415-b67e-4ac687da74d9,acct_22052,2025-08-10 17:06:41.420508,user_1754845601420_9023@example.com,true,LOCAL,Local Identity Provider,ACTIVE,false,First3106,Last8542,pop_95136,Default Population,2025-08-10 17:06:41.420732,user_1754845601420_9023,VERIFIED
b9817c16-9910-4415-b67e-4ac687da74d9,acct_67664,2025-08-10 17:06:41.420742,user_1754845601420_9231@example.com,false,LOCAL,Local Identity Provider,ACTIVE,false,First4069,Last144,pop_91244,Default Population,2025-08-10 17:06:41.420746,user_1754845601420_9231,VERIFIED
b9817c16-9910-4415-b67e-4ac687da74d9,acct_92622,2025-08-10 17:06:41.420753,user_1754845601420_3026@example.com,true,LOCAL,Local Identity Provider,ACTIVE,true,First260,Last542,pop_81218,Default Population,2025-08-10 17:06:41.420756,user_1754845601420_3026,VERIFIED
b9817c16-9910-4415-b67e-4ac687da74d9,acct_15740,2025-08-10 17:06:41.420763,user_1754845601420_4307@example.com,false,LOCAL,Local Identity Provider,ACTIVE,true,First5999,Last980,pop_66949,Default Population,2025-08-10 17:06:41.420767,user_1754845601420_4307,VERIFIED
